"ialpha","ibeta","ifold","irep","seed1","seed2","seed3","seed4","seed5","seed6","seed7"
1,1,0,1,10407,-1140035978,-360284386,1161631468,-2120030557,936603380,-179605876
1,1,1,1,10407,-1810595772,617320178,1439860581,-684608120,-181951838,-607957449
1,1,2,1,10407,829287794,-2026469452,-393945634,-706040331,1785198833,335173173
1,1,3,1,10407,1797186361,1855017490,-1317060609,-118234740,612495271,1946276384
1,1,4,1,10407,1243807284,570581615,190587254,176715908,-1208222777,-1251799663
1,1,5,1,10407,1605986184,1577162535,1224342987,610419655,-2079795929,326486933
1,1,0,2,10407,1346719063,-1858778662,1292982400,147375246,1141963460,689050774
1,1,1,2,10407,-1136431743,512580997,209315129,-2048107729,-1447415285,-741343357
1,1,2,2,10407,230567900,1558558710,1690184125,-584974616,-1615998522,-1954937702
1,1,3,2,10407,-790715168,-701188947,2029980344,-906090522,22823834,660188596
1,1,4,2,10407,1625935795,1382828076,-1374000224,-318567743,1106356103,1410658347
1,1,5,2,10407,1271231221,1455144406,2053177872,1717277658,-702787896,-408740979
1,1,0,3,10407,-553276062,362957945,1082460616,-1644141711,-742559455,1856117335
1,1,1,3,10407,1223545263,-2040087593,1896547969,-270330393,1335534709,-1324531497
1,1,2,3,10407,1778438319,1382042721,-1817481170,-1923412181,1242368364,-1460917706
1,1,3,3,10407,612606747,-551031720,1455409428,-1035000209,927633121,598039083
1,1,4,3,10407,-763666648,1716031938,-1363117857,1094789379,-1654018636,-1315488884
1,1,5,3,10407,1727564187,-526272752,1866947630,746001518,-1381316636,-2040404197
1,1,0,4,10407,72465986,1277037267,1560799292,1621022189,-1122544243,553516670
1,1,1,4,10407,-1390686833,1664966686,-1705051955,1393808515,-1087854933,-1648138732
1,1,2,4,10407,1133639529,-767422540,1274779386,1400118317,1141114806,115008496
1,1,3,4,10407,-1567582558,-678912762,-1536632401,-261118213,1951346874,-1323327465
1,1,4,4,10407,837203547,-690115354,-573705752,980004220,1340024238,-783098695
1,1,5,4,10407,-367351989,-1484015056,-1511921775,1069587465,-1773067913,-145069668
1,1,0,5,10407,857758558,-1315365486,1359791058,-2087772098,-758930564,-2049146044
1,1,1,5,10407,-224817715,-2073584978,2147407704,-711885804,1755468611,232553559
1,1,2,5,10407,-1449434500,-1634742233,-449962570,-87701500,-500121030,-1785198098
1,1,3,5,10407,-771800397,1726500077,1903506072,-1485691418,1206714881,-426436575
1,1,4,5,10407,-2102546347,-573157130,1077385884,-1374045157,2043872402,-1742004466
1,1,5,5,10407,2042537844,-1503315185,177601399,2116274391,-1866627757,-1800861803
1,1,0,6,10407,292984582,-606780445,-514221916,-1461949733,1522713502,-23628434
1,1,1,6,10407,348679952,-1754591024,-910536521,-2123825193,2079870372,592980885
1,1,2,6,10407,-794464920,-1135266226,-325556272,-258752015,1335428227,-202115618
1,1,3,6,10407,-1254281058,2039178315,981220474,-403560855,566565178,-1217904023
1,1,4,6,10407,-1909785091,-18579046,-1109217223,-1485963692,-988771432,-113066371
1,1,5,6,10407,1214718199,1834823304,675234571,-1716999032,422200540,282319340
1,1,0,7,10407,-580980402,1370874960,-1650750649,-2098691290,-1613895535,-2037939003
1,1,1,7,10407,-1418731119,986570654,-1884389760,-51021763,-1582484270,654453419
1,1,2,7,10407,-316106930,-602314445,-179261038,1262795511,-1749133527,357455108
1,1,3,7,10407,1263654255,-1614730197,-90805077,-1329368633,243662921,547383957
1,1,4,7,10407,-432021309,1621401003,1218927740,1158678920,1683664117,119124036
1,1,5,7,10407,727378462,-955108276,1387530821,-798821045,1734978744,375239361
1,1,0,8,10407,-1197160134,-1531545850,1841918107,1299913375,1336662005,1803939753
1,1,1,8,10407,-1422152926,1196110625,-1153094388,1761347832,-1029567581,2112333629
1,1,2,8,10407,1558885565,202769830,554798369,1089604676,1338293904,1752564097
1,1,3,8,10407,-767216509,-2082464704,-257443422,97042039,-1603990162,496342033
1,1,4,8,10407,1890806726,455720756,743117449,361980119,-338621002,-492154464
1,1,5,8,10407,-911966630,-1287088984,-155512466,2072637399,540156418,948676139
1,1,0,9,10407,514104046,2131100367,-1169197590,245142038,-1237242176,-1744820007
1,1,1,9,10407,1489489494,2027702417,-1264220565,1722703697,-1929520637,228667163
1,1,2,9,10407,-953498886,-1949206532,-237821657,-38555242,-696764625,-717652665
1,1,3,9,10407,2063937537,-1338902815,916605670,1966697061,-1498071232,-1795463468
1,1,4,9,10407,1256364388,-394952145,1245806402,985713873,603683458,-1298342486
1,1,5,9,10407,-1654271399,739379220,1528124329,1550868374,536341638,953405173
1,1,0,10,10407,300785540,-1435095867,817242230,701412402,-1994332940,-474730257
1,1,1,10,10407,121971872,-1878504154,-1919347711,-864902623,888310187,1979964258
1,1,2,10,10407,-1786224625,756243071,246435022,1167412019,-1022339319,104093994
1,1,3,10,10407,1981312918,-1300131255,-1533960496,-674762283,-176288002,1602768842
1,1,4,10,10407,587656810,608826886,1751133719,-629886060,-1334924980,1706986747
1,1,5,10,10407,-1013358880,-128830968,186391768,120447120,-1012178013,-808782051
